timestamp_utc,subscription_id,resource_group,resource_type,resource_name,location,sku_tier,environment,monthly_cost_usd,purpose,created_by,status
2026-10-02T03:14:44Z,8d54dd89-acb8-49f0-84af-131da12df4ca,rg-verificaciononline,Microsoft.Resources/resourceGroups,rg-verificaciononline,centralus,n/a,shared,0.00,Contenedor de recursos del proyecto,20255606@esen.edu.sv,active
2026-10-02T03:14:44Z,8d54dd89-acb8-49f0-84af-131da12df4ca,rg-verificaciononline,Microsoft.Web/staticSites,swa-verificaciononline-dev,centralus,Free,dev,0.00,WebConsole Next.js - despliega rama main (mango-glacier-088cb1210.5.azurestaticapps.net),20255606@esen.edu.sv,active
2026-10-02T03:14:44Z,8d54dd89-acb8-49f0-84af-131da12df4ca,rg-verificaciononline,Microsoft.Web/staticSites,swa-verificaciononline-qa,centralus,Free,qa,0.00,WebConsole Next.js - despliega rama QA (green-field-020ffdc10.6.azurestaticapps.net),20255606@esen.edu.sv,active
2026-10-02T04:19:15Z,8d54dd89-acb8-49f0-84af-131da12df4ca,rg-verificaciononline,Microsoft.Web/staticSites/customDomains,console.dev.identidad.alambritos.online,centralus,Free,dev,0.00,Dominio personalizado de swa-verificaciononline-dev (CNAME + SSL gestionado gratis),20255606@esen.edu.sv,active
2026-10-02T04:19:15Z,8d54dd89-acb8-49f0-84af-131da12df4ca,rg-verificaciononline,Microsoft.Web/staticSites/customDomains,console.qa.identidad.alambritos.online,centralus,Free,qa,0.00,Dominio personalizado de swa-verificaciononline-qa (CNAME + SSL gestionado gratis),20255606@esen.edu.sv,active
2026-10-02T04:32:14Z,8d54dd89-acb8-49f0-84af-131da12df4ca,(subscription),Microsoft.Consumption/budgets,budget-verificaciononline-1usd,global,n/a,shared,0.00,Alerta de presupuesto mensual 1 USD (50% real / 100% real / 100% forecast) a 20255606@esen.edu.sv,20255606@esen.edu.sv,active
2026-10-05T17:57:42Z,8d54dd89-acb8-49f0-84af-131da12df4ca,rg-verificaciononline,Microsoft.App/managedEnvironments,cae-verificaciononline-dev,centralus,Consumption,dev,0.00,Intento fallido (AKSCapacityHeavyUsage en centralus); eliminado,20255606@esen.edu.sv,deleted
2026-10-05T17:57:42Z,8d54dd89-acb8-49f0-84af-131da12df4ca,rg-verificaciononline,Microsoft.App/managedEnvironments,cae-verificaciononline-qa,centralus,Consumption,qa,0.00,Intento fallido (AKSCapacityHeavyUsage en centralus); eliminado,20255606@esen.edu.sv,deleted
2026-10-05T17:57:42Z,8d54dd89-acb8-49f0-84af-131da12df4ca,rg-verificaciononline,Microsoft.App/managedEnvironments,cae-verificaciononline-dev,southcentralus,Consumption,dev,0.00,Entorno Container Apps Dev - sin Log Analytics (logs-destination none),20255606@esen.edu.sv,active
2026-10-05T17:57:42Z,8d54dd89-acb8-49f0-84af-131da12df4ca,rg-verificaciononline,Microsoft.App/managedEnvironments,cae-verificaciononline-qa,southcentralus,Consumption,qa,0.00,Entorno Container Apps QA - sin Log Analytics (logs-destination none),20255606@esen.edu.sv,active
2026-10-05T17:57:42Z,8d54dd89-acb8-49f0-84af-131da12df4ca,rg-verificaciononline,Microsoft.App/containerApps,ca-verificaciononline-api-dev,southcentralus,Consumption,dev,0.00,Backend Spring Boot Dev; 0.5 vCPU/1Gi; min 0 max 1 replicas; imagen placeholder hasta el primer deploy,20255606@esen.edu.sv,active
2026-10-05T17:57:42Z,8d54dd89-acb8-49f0-84af-131da12df4ca,rg-verificaciononline,Microsoft.App/containerApps,ca-verificaciononline-api-qa,southcentralus,Consumption,qa,0.00,Backend Spring Boot QA; 0.5 vCPU/1Gi; min 0 max 1 replicas; imagen placeholder hasta el primer deploy,20255606@esen.edu.sv,active
2026-10-05T18:17:24Z,8d54dd89-acb8-49f0-84af-131da12df4ca,rg-verificaciononline,Microsoft.DBforPostgreSQL/flexibleServers,psql-verificaciononline,southcentralus,Burstable B1ms (32 GiB; PG17),shared,0.00-16.00,Servidor Postgres compartido dev+qa. 0 USD solo si la suscripcion califica a la oferta de 12 meses; si no ~16 USD/mes. VERIFICAR en Cost Management a las 24 h,20255606@esen.edu.sv,active
2026-10-05T18:28:36Z,8d54dd89-acb8-49f0-84af-131da12df4ca,rg-verificaciononline,Microsoft.DBforPostgreSQL/flexibleServers/databases,verificacion_dev,southcentralus,n/a,dev,0.00,Base de datos Dev en psql-verificaciononline; dueño: rol app_dev; sin acceso cruzado a QA,20255606@esen.edu.sv,active
2026-10-05T18:28:36Z,8d54dd89-acb8-49f0-84af-131da12df4ca,rg-verificaciononline,Microsoft.DBforPostgreSQL/flexibleServers/databases,verificacion_qa,southcentralus,n/a,qa,0.00,Base de datos QA en psql-verificaciononline; dueño: rol app_qa; sin acceso cruzado a Dev,20255606@esen.edu.sv,active
2026-10-05T18:28:36Z,8d54dd89-acb8-49f0-84af-131da12df4ca,(tenant esen.edu.sv),Microsoft.Entra/applications,sp-verificaciononline-github (appId 69b689e7-a7f3-420e-82ac-b7f864fd1d9e),global,n/a,shared,0.00,Identidad OIDC federada para GitHub Actions (environments dev y qa); rol Contributor sobre rg-verificaciononline; sin client secret,20255606@esen.edu.sv,active
